{"_runtime": 176.47254467010498, "_timestamp": 1595212551.4298742, "train bnm loss": 0.0, "train total loss": 0.5062628388404846, "_step": 8, "train cls loss": 0.5062628388404846, "train vat loss": 0.0, "AUROC": 0.5019001207885377}
