{"_runtime": 77.44545483589172, "_step": 1, "vat_filter_num": 0, "_timestamp": 1595853121.6954064, "train loss entropy": 0.0, "train bnm loss": 0.0, "train total loss": 1.9151947498321533, "train vat loss": 0.0050995140336453915, "train cls loss": 1.91009521484375}
