{"epoch": 1, "lr": 0.002, "_runtime": 9.001673460006714, "_timestamp": 1595904144.5975187, "_step": 0}
