{"train cls loss": 0.5651643872261047, "train total loss": 0.5651643872261047, "train vat loss": 0.0, "_timestamp": 1595212305.9200299, "_step": 4, "_runtime": 119.58773303031921, "AUROC": 0.5051070927165066}
