{"epoch": 2, "TEST F1": 0.24585901424385112, "_timestamp": 1595579250.376602, "TEST Pre": 0.17974496117091662, "TEST AUROC": 0.8551363101942869, "_runtime": 279.3291189670563, "_step": 9, "TEST Specs": 0.42657826009504785, "TEST Senss": 0.902730461272425, "TEST Accus": 0.504856433888692}
