{"entropy loss": 1.8597792387008667, "consistency loss": 0.0, "classification loss": 1.7994030714035034, "Epoch": 99, "lr": 2.951266543065283e-09, "_step": 299, "_timestamp": 1595429728.865488, "_runtime": 6115.567394733429, "loss": 3.5458908081054688, "bnm loss": -0.1385757029056549, "vat loss": 0.025284074246883392, "consistency relation loss": 0.0, "VAL AUROC": 0.8370177743003168, "VAL Accus": 0.579800603224973, "TEST Specs": 0.7990370288631112, "TEST AUROC": 0.8473025723550879, "TEST Senss": 0.8065968393416297, "TEST Accus": 0.5854421329220018}
