{"_runtime": 65.64396142959595, "TEST Accus": 0.3205955334987593, "TEST AUROC": 0.821356040883515, "TEST Specs": 0.2282882465734501, "TEST Pre": 0.16191281768926696, "TEST Senss": 0.9549817814123512, "epoch": 1, "_step": 0, "TEST F1": 0.21684329233683394, "_timestamp": 1595579600.5192275}
