{"_runtime": 19.428955554962158, "_timestamp": 1596033649.1843438, "_step": 1, "vat_filter_num": 8, "train total loss": 1.9636319875717163, "train bnm loss": 0.0, "train cls loss": 1.9636319875717163, "train vat loss": 0.0, "train loss entropy": 0.0}
