{"_timestamp": 1596628986.2919862, "_step": 269, "_runtime": 335.9133086204529, "vat_filter_num": 8, "train total loss": 1.599034070968628, "train loss entropy": 0.0, "train cls loss": 1.7647466659545898, "train vat loss": 0.006575150415301323, "train bnm loss": -0.1722876876592636, "TEST Pre": 0.2001655081654168, "TEST F1": 0.2803650012237063, "TEST Specs": 0.6202574772776596, "TEST AUROC": 0.8401171940907799, "TEST Senss": 0.8010632680822402, "TEST Accus": 0.6955689471818504, "epoch": 0}
