{"_step": 5, "vat_filter_num": 8, "_timestamp": 1595957021.1988618, "_runtime": 258.2562961578369, "train bnm loss": -0.19501325488090515, "train total loss": 1.7363373041152954, "train loss entropy": 0.0, "train vat loss": 0.005339601077139378, "train cls loss": 1.9260109663009644, "epoch": 0, "TEST Senss": 0.849970666755459, "TEST Pre": 0.18260363675820823, "TEST F1": 0.26132454407148475, "TEST Accus": 0.6124778447359092, "TEST Specs": 0.5084979551078039, "TEST AUROC": 0.8276613587729927}
