{"consistency relation loss": 0.0, "bnm loss": 0.0, "entropy loss": 0.0, "lr": 1.2157665459056937e-05, "_timestamp": 1594356517.9132097, "vat loss": 0.0, "loss": 1.2540203332901, "consistency loss": 0.0, "_runtime": 1781.3521525859833, "_step": 83, "classification loss": 1.2540203332901, "Epoch": 20, "VAL AUROC": 0.8763476886327508, "VAL Accus": 0.6530117851336339, "TEST AUROC": 0.9002642910337549, "TEST Accus": 0.6685889372396685}
