{"TEST Pre": 0.30229155011859604, "TEST Senss": 0.7971423394532638, "TEST AUROC": 0.8831509503241871, "TEST Specs": 0.812347004121759, "epoch": 179, "_timestamp": 1596971154.9845142, "TEST F1": 0.38925612256203035, "_runtime": 23578.853037834167, "TEST Accus": 0.8247142857142856, "_step": 180}
