{"_timestamp": 1595131137.9804485, "vat loss": 0.0023708343505859375, "total loss": 0.7351698279380798, "classification loss": 0.7327989935874939, "_step": 0, "_runtime": 20.361607789993286}
