{"lr": 0.0001, "consistency relation loss": 0.0, "classification loss": 1.9789526462554932, "bnm loss": 0.0, "Epoch": 0, "vat loss": 0.0, "loss": 1.9789526462554932, "_timestamp": 1594476831.104465, "_step": 0, "entropy loss": 0.0, "_runtime": 16.31092619895935, "consistency loss": 0.0}
