{"_timestamp": 1595208536.0009022, "total loss": 0.06339262425899506, "_runtime": 34269.11722970009, "bnm loss": -0.06552846729755402, "vat loss": 0.003049554768949747, "classification loss": 0.12587153911590576, "_step": 138, "AUROC": 0.788974675527907, "Epoch": 23, "loss": 0.16856369376182556}
