{"_timestamp": 1595174290.1521168, "total loss": 0.5471479296684265, "_runtime": 23.268444299697876, "bnm loss": -0.057038187980651855, "vat loss": 0.0027530216611921787, "classification loss": 0.6014330983161926, "_step": 0}
