{"_runtime": 16.382770538330078, "train total loss": 0.6625462174415588, "train cls loss": 0.6625462174415588, "_timestamp": 1595301624.8465016, "train vat loss": 0.0, "_step": 0, "train bnm loss": 0.0}
