{"TEST Specs": 0.8779424731075084, "_runtime": 10180.555149793625, "TEST Senss": 0.8209415749754411, "TEST Accus": 0.8990428925912797, "TEST Pre": 0.40800205830527086, "epoch": 100, "_step": 99, "_timestamp": 1595655816.515038, "TEST AUROC": 0.9074491026584416, "TEST F1": 0.529453328433341}
