{"_timestamp": 1596078056.159294, "_runtime": 17.754988193511963, "_step": 1, "vat_filter_num": 8, "train loss entropy": 0.0, "train total loss": 1.9509079456329346, "train cls loss": 1.9509079456329346, "train vat loss": 0.0, "train bnm loss": 0.0}
