{"consistency loss": 0.17208120226860046, "entropy loss": 0.0, "_runtime": 13222.630407810211, "consistency relation loss": 0.008709474466741085, "_timestamp": 1594371416.490718, "lr": 1.9662705047555335e-08, "Epoch": 81, "classification loss": 1.3795064687728882, "loss": 1.5906541347503662, "vat loss": 0.030356984585523605, "_step": 325, "bnm loss": 0.0, "VAL Accus": 0.6342450865350024, "VAL AUROC": 0.9036300298460358, "TEST Accus": 0.655283870957609, "TEST AUROC": 0.9207973234058399}
