{"_timestamp": 1596078288.2983503, "_runtime": 15.908354759216309, "vat_filter_num": 8, "_step": 1, "train vat loss": 0.0, "train total loss": 1.8381006717681885, "train bnm loss": 0.0, "train loss entropy": 0.0, "train cls loss": 1.8381006717681885}
