{"lr": 9e-05, "entropy loss": 0.0, "bnm loss": 0.0, "_runtime": 168.85094261169434, "consistency loss": 0.0065561686642467976, "_step": 4, "Epoch": 1, "vat loss": 0.033945027738809586, "_timestamp": 1594471416.3648434, "consistency relation loss": 0.0002451810287311673, "loss": 1.3283007144927979, "classification loss": 1.2875542640686035, "VAL AUROC": 0.8067487966721524, "VAL Accus": 0.3315003608280919, "TEST AUROC": 0.8317217827671486, "TEST Accus": 0.34054219851532014}
