{"_timestamp": 1596260739.1726918, "vat_filter_num": 8, "_runtime": 101.23019981384277, "_step": 2, "train total loss": 0.263409823179245, "train loss entropy": 0.0, "train bnm loss": -0.08418094366788864, "train vat loss": 0.0, "train cls loss": 0.34759077429771423}
