{"train bnm loss": 0.0, "train vat loss": 0.0, "_step": 0, "train cls loss": 0.6661074757575989, "train total loss": 0.6661074757575989, "_timestamp": 1595301366.3345292, "_runtime": 15.310574769973755}
