{"_timestamp": 1595301561.043259, "_runtime": 15.463326454162598, "_step": 0, "train bnm loss": 0.0, "train vat loss": 0.0, "train cls loss": 0.6603260636329651, "train total loss": 0.6603260636329651}
