{"_runtime": 256.5622773170471, "vat_filter_num": 8, "_timestamp": 1596284346.6026022, "_step": 6, "train bnm loss": -0.19776535034179688, "train cls loss": 1.7695690393447876, "train total loss": 1.5718036890029907, "train vat loss": 0.0, "train loss entropy": 0.0, "TEST Accus": 0.728465083303793, "TEST F1": 0.30682871758943303, "TEST Pre": 0.21308595909108347, "TEST Specs": 0.6364117214329976, "TEST AUROC": 0.8327274919673429, "epoch": 0, "TEST Senss": 0.7808848616674153}
