{"TEST Specs": 0.7990370288631112, "_runtime": 5075.967976093292, "TEST Senss": 0.8065968393416297, "TEST Accus": 0.8131159163417229, "TEST Pre": 0.28569798195700363, "epoch": 100, "_step": 99, "_timestamp": 1595650711.9278643, "TEST AUROC": 0.8473029430140231, "TEST F1": 0.38058981089843885}
