{"_timestamp": 1596466143.5808356, "_step": 0, "_runtime": 10.512344598770142, "vat_filter_num": 8}
