{"_step": 1, "_timestamp": 1596027933.1073103, "_runtime": 17.23627781867981, "vat_filter_num": 8, "train bnm loss": -0.1499772071838379, "train loss entropy": 0.0, "train total loss": 1.7536275386810303, "train cls loss": 1.899880290031433, "train vat loss": 0.003724416485056281}
