{"_timestamp": 1596943800.9377742, "TEST AUROC": 0.8450736815541419, "TEST Accus": 0.9101428571428573, "TEST F1": 0.45547452292509344, "_step": 179, "epoch": 179, "_runtime": 5718.967927455902, "TEST Senss": 0.5321050844580256, "TEST Specs": 0.8304786934899221, "TEST Pre": 0.39958241377127335}
