{"classification loss": 1.3913756608963013, "consistency loss": 0.0, "bnm loss": 0.0, "entropy loss": 0.0, "_runtime": 999.9491069316864, "Epoch": 10, "_timestamp": 1594303677.134615, "consistency relation loss": 0.0, "loss": 1.3913756608963013, "lr": 3.4867844010000016e-05, "vat loss": 0.0, "_step": 43, "VAL AUROC": 0.8176712957318362, "VAL Accus": 0.5644737428771042, "TEST AUROC": 0.8477069669487319, "TEST Accus": 0.5774509692899914}
