{"_runtime": 1929.8773531913757, "vat loss": 0.0005745041416957974, "_step": 11, "_timestamp": 1595130918.8213012, "classification loss": 0.0843651294708252, "total loss": 0.0849396362900734, "AUROC": 0.7182626632510443, "loss": 0.17748846113681793, "Epoch": 1}
