{"_runtime": 4676.63951921463, "train total loss": 2.9504952430725098, "train loss entropy": 1.8576143980026245, "train vat loss": 0.02358441799879074, "_timestamp": 1595615627.6998248, "train bnm loss": -0.12778571248054504, "train cls loss": 1.1970820426940918, "_step": 299, "TEST Pre without aug": 0.3436824834034998, "TEST AUROC without aug": 0.8297543724931894, "TEST Accus without aug": 0.8549450549450551, "TEST F1 without aug": 0.4394128989051023, "TEST Senss without aug": 0.7202759535617295, "TEST Specs without aug": 0.8447369868251288, "TEST Accus": 0.8648706132577101, "TEST Specs": 0.8482033878536323, "TEST F1": 0.4706129543033909, "TEST AUROC": 0.8533490620218842, "TEST Senss": 0.7716953569661555, "TEST Pre": 0.3670184630318093}
