{"_step": 1, "_timestamp": 1596628568.327777, "vat_filter_num": 8, "_runtime": 18.8148353099823, "train loss entropy": 0.0, "train bnm loss": -0.12470658123493195, "train total loss": 1.761946678161621, "train cls loss": 1.8835467100143433, "train vat loss": 0.003106601070612669}
