{"train vat loss": 0.0, "_step": 0, "train cls loss": 1.3811278343200684, "_runtime": 39.53254771232605, "train bnm loss": 0.0, "train total loss": 1.3811278343200684, "_timestamp": 1595602056.77525}
