{"_runtime": 34.57949686050415, "TEST F1": 0.45547452292509344, "_step": 0, "TEST Specs": 0.8304786934899221, "epoch": 0, "TEST Senss": 0.5321050844580256, "_timestamp": 1596947312.3064609, "TEST AUROC": 0.8450736815541419, "TEST Pre": 0.39958241377127335, "TEST Accus": 0.9101428571428573}
