{"_runtime": 16.713191747665405, "train cls loss": 0.6657952070236206, "train total loss": 0.6657952070236206, "_step": 0, "train bnm loss": 0.0, "train vat loss": 0.0, "_timestamp": 1595302986.8333895}
