{"_step": 0, "_timestamp": 1596259857.472088, "_runtime": 10.763468265533447, "vat_filter_num": 8}
