{"vat_filter_num": 8, "_runtime": 17.548786401748657, "_step": 0, "_timestamp": 1596078185.631562}
