{"_timestamp": 1595210447.2947414, "_step": 0, "_runtime": 37.762720346450806, "train vat loss": 0.0, "train total loss": 0.6556001305580139, "train cls loss": 0.6556001305580139}
