{"_runtime": 198325.34503483772, "_step": 183, "_timestamp": 1595080752.1679063, "AUROC": 0.8470147990615123, "Epoch": 92, "loss": 0.15137001872062683}
