{"loss": 1.7430726289749146, "consistency loss": 0.0, "vat loss": 0.023517414927482605, "lr": 2.951266543065283e-09, "entropy loss": 0.0, "_runtime": 9426.794395446777, "bnm loss": -0.06974364817142487, "_step": 299, "Epoch": 99, "classification loss": 1.7892988920211792, "_timestamp": 1595443965.8279436, "consistency relation loss": 0.0, "VAL Accus": 0.6431159021495156, "VAL AUROC": 0.8691044865409049, "TEST Accus": 0.6815990335845666, "TEST Senss": 0.833118943394164, "TEST AUROC": 0.9070483280518881, "TEST Specs": 0.869692136679145}
