{"train vat loss": 0.0, "train total loss": 0.39003103971481323, "_step": 14, "_timestamp": 1595211651.9085984, "train cls loss": 0.39003103971481323, "_runtime": 294.0152544975281, "AUROC": 0.5078848341145036}
