{"_timestamp": 1596897357.3073483, "TEST Accus": 0.9264285714285715, "TEST AUROC": 0.8471394506806524, "TEST Specs": 0.897168416248239, "_step": 0, "TEST Pre": 0.3929503804774722, "TEST F1": 0.4543481936782375, "epoch": 0, "TEST Senss": 0.5429868139952173, "_runtime": 31.783028602600098}
