{"_runtime": 239.86856341362, "_timestamp": 1596030281.1215546, "_step": 6, "vat_filter_num": 8, "train bnm loss": -0.19118034839630127, "train vat loss": 0.0, "train cls loss": 1.433077335357666, "train total loss": 1.2418969869613647, "train loss entropy": 0.0, "TEST AUROC": 0.8347226347608881, "epoch": 0, "TEST Specs": 0.5470429223998124, "TEST Senss": 0.8263303125939603, "TEST Pre": 0.1813342009100425, "TEST Accus": 0.6475717830556541, "TEST F1": 0.25935140072064294}
