{"AUROC": 0.7917060753913573, "_runtime": 37872.41467118263, "_step": 65, "_timestamp": 1595128208.4596221, "Epoch": 33, "loss": 0.16827347874641418}
