{"train bnm loss": 0.0, "train vat loss": 0.0, "_step": 0, "_timestamp": 1595301290.722466, "train total loss": 0.6601353883743286, "_runtime": 20.27631449699402, "train cls loss": 0.6601353883743286}
