{"_timestamp": 1594882350.6038496, "_step": 5, "AUROC": 0.5490327485280991, "_runtime": 167.84684777259827, "loss": 0.42502763867378235, "Epoch": 3}
