{"_runtime": 22.417347192764282, "vat loss": 0.002568619791418314, "_step": 0, "total loss": 0.6572924256324768, "classification loss": 0.6547238230705261, "_timestamp": 1595131301.632919}
