{"vat_filter_num": 0.0, "_runtime": 53.63572692871094, "_timestamp": 1595852958.7717133, "_step": 0}
