{"bnm loss": 0.0, "_runtime": 243.45455145835876, "lr": 9e-05, "classification loss": 1.7266016006469727, "_timestamp": 1594471761.1873558, "consistency relation loss": 0.00022438098676502705, "Epoch": 1, "_step": 5, "consistency loss": 0.012309027835726738, "entropy loss": 0.0, "vat loss": 0.10540835559368134, "loss": 1.84454345703125, "VAL AUROC": 0.829823734462554, "VAL Accus": 0.3328862485165006, "TEST Accus": 0.3418918268320635, "TEST AUROC": 0.8486791018091762}
