{"_runtime": 797.7084109783173, "loss": 0.6933421492576599, "consistency relation loss": 0.0, "Epoch": 0, "_timestamp": 1594823909.4761252, "bnm loss": 0.0, "_step": 12, "classification loss": 0.6933421492576599, "lr": 0.0001, "vat loss": 0.0, "consistency loss": 0.0, "entropy loss": 0.0}
