{"vat_filter_num": 8, "_step": 0, "_timestamp": 1596466090.5689816, "_runtime": 9.957449674606323}
