{"lr": 0.002, "_runtime": 9.336562633514404, "epoch": 1, "_step": 0, "_timestamp": 1595909698.5778332}
