{"_runtime": 33.51903939247131, "train vat loss": 0.0, "train total loss": 0.6630601286888123, "_step": 0, "train cls loss": 0.6630601286888123, "_timestamp": 1595210527.1506536}
