{"_runtime": 16.511737823486328, "train total loss": 1.956937551498413, "train bnm loss": 0.0, "_step": 0, "train vat loss": 0.0, "train cls loss": 1.956937551498413, "_timestamp": 1595599963.3075736}
