{"_timestamp": 1595904176.105908, "lr": 0.002, "_runtime": 9.153201341629028, "epoch": 1, "_step": 0}
