{"classification loss": 1.26528000831604, "_timestamp": 1594302625.141947, "Epoch": 15, "_step": 31, "_runtime": 1344.3581218719482}
