{"_timestamp": 1595211008.6164267, "train vat loss": 0.0, "_runtime": 15.08376955986023, "train total loss": 0.6667450666427612, "train cls loss": 0.6667450666427612, "_step": 0}
