{"classification loss": 0.6865430474281311, "_step": 0, "_timestamp": 1595131028.814131, "_runtime": 21.705520391464233, "total loss": 0.6865430474281311, "vat loss": 0.0}
