{"_timestamp": 1595936631.4545333, "_step": 0, "vat_filter_num": 8, "_runtime": 10.085486888885498}
