{"vat_filter_num": 8, "_runtime": 290.2107799053192, "_timestamp": 1595936988.704594, "_step": 6, "train cls loss": 1.8594759702682495, "train total loss": 1.6691679954528809, "train bnm loss": -0.20333902537822723, "train vat loss": 0.013031027279794216, "train loss entropy": 0.0, "TEST AUROC without aug": 0.8397832374918791, "TEST Accus without aug": 0.6779865295994327, "TEST Specs without aug": 0.5863701222623031, "TEST F1 without aug": 0.2717960519312925, "TEST Pre without aug": 0.19106803336377648, "TEST Senss without aug": 0.811791314770714, "TEST Specs": 0.5869147847722862, "TEST F1": 0.2739931882607064, "epoch": 0, "TEST AUROC": 0.8522031722893205, "TEST Senss": 0.8214915354751847, "TEST Pre": 0.19241088878077592, "TEST Accus": 0.6784828075150656}
