{"vat_filter_num": 30, "_runtime": 4829.443753480911, "_step": 211, "_timestamp": 1596116247.2164176, "train bnm loss": 0.0, "train total loss": 1.2055014371871948, "train loss entropy": 0.0, "train vat loss": 0.020446475595235825, "train cls loss": 1.1850550174713135, "TEST F1": 0.48541185377134577, "epoch": 69, "TEST AUROC": 0.876987222111358, "TEST Accus": 0.8935838355193193, "TEST Senss": 0.7676679276142705, "TEST Pre": 0.3839042082408767, "TEST Specs": 0.8800861270265878}
