{"TEST Specs": 0.869692136679145, "_runtime": 2494.414788722992, "TEST Senss": 0.833118943394164, "TEST Accus": 0.8871322226160937, "TEST Pre": 0.3662627960497317, "epoch": 100, "_step": 99, "_timestamp": 1595648130.374677, "TEST AUROC": 0.9070483280518881, "TEST F1": 0.4842965718520039}
