{"_runtime": 655.7685017585754, "consistency loss": 0.015277293510735035, "entropy loss": 0.0, "vat loss": 0.05887693911790848, "loss": 1.3769487142562866, "_timestamp": 1594522721.2281027, "Epoch": 4, "lr": 6.561000000000002e-05, "_step": 16, "classification loss": 1.302392601966858, "bnm loss": 0.0, "consistency relation loss": 0.0004018678446300328, "VAL AUROC": 0.8676765017375072, "VAL Accus": 0.5131585718980677, "TEST Accus": 0.56621206069662, "TEST AUROC": 0.8810170689839288}
