{"vat_filter_num": 8, "_runtime": 9.841466188430786, "_step": 0, "_timestamp": 1596029614.0261917}
