{"_timestamp": 1595921651.000585, "vat_filter_num": 8, "_runtime": 9.570947885513306, "_step": 0}
