{"TEST Specs": 0.8139073848541567, "_runtime": 11228.426830291748, "TEST Senss": 0.7418922613778846, "TEST Accus": 0.7734845799361929, "TEST Pre": 0.29130753820445104, "epoch": 43, "_step": 42, "_timestamp": 1595656864.3867185, "TEST AUROC": 0.8584337887185931, "TEST F1": 0.3318501621643172}
