{"vat_filter_num": 8, "_step": 0, "_runtime": 10.09671664237976, "_timestamp": 1596628498.8867605}
