{"bnm loss": 0.0, "entropy loss": 0.0, "_step": 0, "lr": 0.0001, "vat loss": 0.04863238334655762, "loss": 1.9789526462554932, "_runtime": 16.319669246673584, "classification loss": 1.9789526462554932, "consistency relation loss": 0.0, "consistency loss": 0.0, "Epoch": 0, "_timestamp": 1594476883.1561458}
