{"TEST Senss": 0.24714285714285714, "epoch": 0, "TEST F1": 0.15553876355184143, "_runtime": 122.21455240249634, "TEST Pre": 0.12072069825436409, "TEST Specs": 0.8050793650793651, "TEST Accus": 0.8672857142857143, "_timestamp": 1596888307.8634558, "_step": 0, "TEST AUROC": 0.44513107608363545}
