{"_timestamp": 1597150342.3472338, "vat_filter_num": 32, "_step": 7, "_runtime": 105.82667183876038, "train cls loss": 2.076103448867798, "train loss entropy": 0.0, "train bnm loss": 0.0, "train total loss": 2.1521458625793457, "train vat loss": 0.07604233920574188}
