{"lr": 0.002, "_step": 0, "_timestamp": 1595903730.1434684, "epoch": 1, "_runtime": 10.045977592468262}
