{"lr": 0.0001, "entropy loss": 0.0, "classification loss": 1.7394254207611084, "consistency relation loss": 0.0, "_step": 1, "Epoch": 0, "bnm loss": 0.0, "vat loss": 0.0, "_runtime": 56.12718105316162, "loss": 1.7394254207611084, "consistency loss": 0.0, "_timestamp": 1594354364.4560814}
