{"TEST Specs": 0.8373881230852959, "TEST Senss": 0.8083596297882012, "_runtime": 28582.105444908142, "_timestamp": 1596927180.453907, "TEST F1": 0.40209952545747035, "epoch": 179, "TEST AUROC": 0.8957809704295497, "_step": 180, "TEST Pre": 0.30703418953003714, "TEST Accus": 0.8495714285714285}
