{"vat loss": 0.023236479610204697, "consistency loss": 0.0, "Epoch": 99, "_timestamp": 1595477395.3551161, "lr": 2.951266543065283e-09, "classification loss": 1.789683222770691, "consistency relation loss": 0.0, "_step": 299, "entropy loss": 0.0, "loss": 1.7996444702148438, "_runtime": 9449.168020486832, "bnm loss": -0.013275287114083767, "VAL AUROC": 0.8669562794337418, "VAL Accus": 0.6231961588054025, "TEST Specs": 0.8779424731075084, "TEST Senss": 0.8209415749754411, "TEST AUROC": 0.9074491026584416, "TEST Accus": 0.6715085548320948}
