{"_timestamp": 1596007639.8123367, "_step": 1, "vat_filter_num": 8, "_runtime": 18.1287202835083, "train loss entropy": 0.0, "train bnm loss": -0.14694391191005707, "train total loss": 1.7297123670578003, "train cls loss": 1.8726215362548828, "train vat loss": 0.004034755285829306}
