{"TEST F1": 0.11390773988488963, "TEST Pre": 0.09471428571428572, "TEST Accus": 0.9037142857142858, "_timestamp": 1596890705.4812129, "_runtime": 1890.4703454971313, "epoch": 16, "TEST AUROC": 0.685960681426649, "TEST Senss": 0.14285714285714285, "TEST Specs": 0.8571428571428571, "_step": 16}
