{"loss": 1.7394254207611084, "vat loss": 0.0, "_step": 3, "bnm loss": 0.0, "consistency loss": 0.0, "_runtime": 96.40395760536194, "_timestamp": 1594357926.2299504, "consistency relation loss": 0.0, "classification loss": 1.7394254207611084, "entropy loss": 0.0, "Epoch": 0, "lr": 0.0001, "VAL AUROC": 0.8070856885643395, "VAL Accus": 0.33268079881525253, "TEST AUROC": 0.8163853946394466, "TEST Accus": 0.34439881851705606}
