{"TEST AUROC": 0.8471394506806524, "_timestamp": 1596898201.1527476, "epoch": 0, "_step": 0, "TEST Pre": 0.3929503804774722, "_runtime": 49.79547119140625, "TEST Specs": 0.897168416248239, "TEST F1": 0.4543481936782375, "TEST Senss": 0.5429868139952173, "TEST Accus": 0.9264285714285715}
