{"_timestamp": 1596284711.2455847, "_runtime": 16.77575969696045, "vat_filter_num": 8, "_step": 1, "train loss entropy": 0.0, "train total loss": 1.7096474170684814, "train bnm loss": -0.15111710131168365, "train vat loss": 0.0, "train cls loss": 1.860764503479004}
