{"lr": 0.002, "_timestamp": 1595909880.6190062, "_step": 1, "epoch": 0, "_runtime": 23.326273918151855, "TEST F1": 0.18436848423579957, "TEST AUROC": 0.2959706959706959, "TEST Specs": 0.0, "TEST Senss": 0.42857142857142855, "TEST Pre": 0.14285714285714285, "TEST Accus": 0.14285714285714285}
