{"epoch": 0, "_timestamp": 1596897942.5168061, "_runtime": 30.231391668319702, "TEST Senss": 0.5429868139952173, "TEST Accus": 0.9264285714285715, "TEST Pre": 0.3929503804774722, "TEST F1": 0.4543481936782375, "TEST AUROC": 0.8471394506806524, "TEST Specs": 0.897168416248239, "_step": 0}
