{"TEST Specs": 0.8454482204718949, "_runtime": 7499.069999456406, "TEST Senss": 0.8658266508639196, "TEST Accus": 0.8672811059907835, "TEST Pre": 0.362871515195416, "epoch": 90, "_step": 89, "_timestamp": 1595653135.0298877, "TEST AUROC": 0.9180518256862659, "TEST F1": 0.48129946475433555}
