{"_timestamp": 1596466252.297723, "_runtime": 16.785688400268555, "_step": 1, "vat_filter_num": 8, "train cls loss": 1.8674592971801758, "train bnm loss": 0.0, "train vat loss": 0.0, "train total loss": 1.8674592971801758, "train loss entropy": 0.0}
