{"_timestamp": 1596259651.7567475, "_step": 0, "_runtime": 16.93613314628601, "vat_filter_num": 8}
