{"classification loss": 1.426475167274475, "vat loss": 0.11289527267217636, "consistency loss": 0.009084243327379227, "_runtime": 170.67738723754883, "bnm loss": 0.0, "Epoch": 1, "lr": 9e-05, "_timestamp": 1594470715.2926133, "consistency relation loss": 0.0002636563731357455, "entropy loss": 0.0, "_step": 4, "loss": 1.5487183332443237, "VAL AUROC": 0.829823734462554, "VAL Accus": 0.3328862485165006, "TEST AUROC": 0.8486791018091762, "TEST Accus": 0.3418918268320635}
