{"train vat loss": 0.0, "train total loss": 0.6603491902351379, "_runtime": 15.920127868652344, "train cls loss": 0.6603491902351379, "train bnm loss": 0.0, "_step": 0, "_timestamp": 1595301676.205915}
