{"_timestamp": 1595604750.9157338, "train bnm loss": -0.14809513092041016, "train vat loss": 0.039977043867111206, "_runtime": 492.08082723617554, "_step": 13, "train cls loss": 1.086462140083313, "train loss entropy": 1.31134033203125, "train total loss": 2.289684295654297, "TEST AUROC without aug": 0.8432815411978307, "TEST Accus without aug": 0.6803475422427036, "TEST Specs without aug": 0.6137295778106244, "TEST Pre without aug": 0.4281342541497383, "TEST F1 without aug": 0.569643703244413, "TEST Senss without aug": 0.8915482144417288, "TEST Accus": 0.6995007680491552, "TEST AUROC": 0.8680983218810864, "TEST Pre": 0.4597055279735054, "TEST Specs": 0.6531610234681713, "TEST F1": 0.5832701236001325, "TEST Senss": 0.8855922255607168}
