{"train vat loss": 0.0, "train cls loss": 0.658949077129364, "_runtime": 14.801675081253052, "train total loss": 0.658949077129364, "_timestamp": 1595211100.3853593, "_step": 0}
