{"loss": 0.6932488679885864, "_step": 18, "bnm loss": 0.0, "lr": 0.0001, "_timestamp": 1594822173.9912536, "Epoch": 0, "classification loss": 0.6932488679885864, "vat loss": 0.0, "entropy loss": 0.0, "consistency loss": 0.0, "_runtime": 1208.90647482872, "consistency relation loss": 0.0}
