{"_timestamp": 1594471839.1679838, "_step": 0, "lr": 0.0001, "loss": 1.9789526462554932, "_runtime": 15.943802833557129, "entropy loss": 0.0, "Epoch": 0, "vat loss": 0.04397018626332283, "classification loss": 1.9789526462554932, "consistency relation loss": 0.0, "bnm loss": 0.0, "consistency loss": 0.0}
