{"_runtime": 13.068503379821777, "_step": 0, "vat_filter_num": 8, "_timestamp": 1596028002.0266602}
