{"_runtime": 161.49707436561584, "TEST Accus": 0.16689117334278625, "TEST AUROC": 0.8079242843646185, "TEST Specs": 0.024623179230425028, "TEST Pre": 0.14330738560920678, "TEST Senss": 0.9935064935064936, "epoch": 1, "_step": 0, "TEST F1": 0.2024335988263444, "_timestamp": 1595579696.3723404}
