{"_step": 64, "_runtime": 1414.3306949138641, "_timestamp": 1594305750.211733, "consistency loss": 0.0, "Epoch": 16, "consistency relation loss": 0.0, "lr": 1.8530201888518422e-05, "loss": 1.2302007675170898, "entropy loss": 0.0, "classification loss": 1.2302007675170898, "bnm loss": 0.0, "vat loss": 0.0, "VAL AUROC": 0.8840625053609293, "VAL Accus": 0.6596498630532244, "TEST Accus": 0.656018201390981, "TEST AUROC": 0.9016463652866644}
