{"_step": 0, "train cls loss": 0.6564751267433167, "train total loss": 0.6564751267433167, "_runtime": 15.083081007003784, "_timestamp": 1595211227.8252215, "train vat loss": 0.0}
