{"train total loss": 1.0260833501815796, "train cls loss": 1.0260833501815796, "_step": 22, "train bnm loss": 0.0, "train vat loss": 0.0, "_runtime": 649.2168717384338, "_timestamp": 1595603079.2218535, "TEST Senss without aug": 0.8740908041304376, "TEST AUROC without aug": 0.8366007797800867, "TEST F1 without aug": 0.5652141717526178, "TEST Specs without aug": 0.608778603243811, "TEST Accus without aug": 0.6707469278033794, "TEST Pre without aug": 0.4313053729301723, "TEST Pre": 0.47532856381879585, "TEST AUROC": 0.8811481703631248, "TEST Senss": 0.8947761594577515, "TEST Accus": 0.7325748847926268, "TEST Specs": 0.6841241859071923, "TEST F1": 0.6106630360719258}
