{"vat loss": 0.025550225749611855, "loss": 3.5407333374023438, "_step": 361, "_timestamp": 1595423521.144044, "bnm loss": -0.14735734462738037, "consistency loss": 0.0, "entropy loss": 1.8510465621948242, "classification loss": 1.8114938735961914, "_runtime": 14090.007239341736, "lr": 7.617734804586658e-09, "Epoch": 90, "consistency relation loss": 0.0, "VAL AUROC": 0.8938867357209616, "VAL Accus": 0.6881292159443421, "TEST Specs": 0.8454482204718949, "TEST Senss": 0.8658266508639196, "TEST Accus": 0.6966836941906094, "TEST AUROC": 0.9180518256862659}
