{"epoch": 1, "_runtime": 9.016823291778564, "_timestamp": 1595909613.2982438, "lr": 0.002, "_step": 0}
