{"vat loss": 0.0, "_timestamp": 1594820873.1834238, "loss": 0.6935815811157227, "Epoch": 0, "bnm loss": 0.0, "lr": 0.0001, "_step": 14, "consistency loss": 0.0, "classification loss": 0.6935815811157227, "_runtime": 1102.8806591033936, "consistency relation loss": 0.0, "entropy loss": 0.0}
