{"_timestamp": 1595910131.0404644, "epoch": 0, "_runtime": 94.81587529182434, "lr": 0.002, "_step": 131, "TEST Accus": 0.14285714285714285, "TEST Senss": 1.0, "TEST Specs": 0.0, "TEST AUROC": 0.5186829091476332, "TEST F1": 0.202757432682413, "TEST Pre": 0.14285714285714285}
