{"TEST Senss": 0.5429868139952173, "_timestamp": 1596897011.566655, "epoch": 179, "TEST Accus": 0.9264285714285715, "TEST F1": 0.4543481936782375, "TEST Specs": 0.897168416248239, "_step": 179, "_runtime": 5638.471759319305, "TEST AUROC": 0.8471394506806524, "TEST Pre": 0.3929503804774722}
