{"loss": 1.9789526462554932, "lr": 0.0001, "classification loss": 1.9789526462554932, "_runtime": 15.724621057510376, "_step": 0, "consistency loss": 0.0, "entropy loss": 0.0, "Epoch": 0, "vat loss": 0.0, "consistency relation loss": 0.0, "_timestamp": 1594470081.5425518, "bnm loss": 0.0}
