{"_step": 24, "consistency relation loss": 0.0, "loss": 1.1853312253952026, "entropy loss": 0.0, "_timestamp": 1594304234.5453055, "bnm loss": 0.0, "_runtime": 543.1612355709076, "vat loss": 0.0, "lr": 5.314410000000002e-05, "classification loss": 1.1853312253952026, "Epoch": 6, "consistency loss": 0.0, "VAL AUROC": 0.8329838986384451, "VAL Accus": 0.5484586810637231, "TEST Accus": 0.5474033882326422, "TEST AUROC": 0.8535425813536353}
