{"train cls loss": 1.214189887046814, "_timestamp": 1595601999.585546, "_runtime": 1685.6814913749695, "_step": 106, "train bnm loss": 0.0, "train vat loss": 0.0, "train total loss": 1.214189887046814, "TEST AUROC without aug": 0.8800321338149308, "TEST Senss without aug": 0.7859251142514386, "TEST Pre without aug": 0.36560070658964683, "TEST Specs without aug": 0.865811910812335, "TEST Accus without aug": 0.8799007444168734, "TEST F1 without aug": 0.4700791402246988, "TEST Specs": 0.8568325570180145, "TEST AUROC": 0.8909796875241672, "TEST F1": 0.49504750255633595, "TEST Senss": 0.8147014542584496, "TEST Accus": 0.8838709677419354, "TEST Pre": 0.38904229811975716}
