{"TEST Senss": 0.8442489732659026, "epoch": 9, "_runtime": 246.1142566204071, "_timestamp": 1595578818.6155727, "TEST Accus": 0.8421836228287841, "TEST F1": 0.4189781544530362, "TEST Specs": 0.8064751539229628, "_step": 8, "TEST AUROC": 0.8952456443638688, "TEST Pre": 0.30923737497120596}
