{"_step": 138, "consistency loss": 3.741691045888729e-08, "bnm loss": 0.0, "classification loss": 0.6938037276268005, "Epoch": 46, "loss": 0.6938142776489258, "_runtime": 37537.38076543808, "_timestamp": 1594861765.3127115, "vat loss": 1.0467400898050983e-05, "lr": 7.855167211278949e-07, "consistency relation loss": 0.0, "entropy loss": 0.0, "VAL AUROC": 0.518770375928909, "VAL Accus": 0.06819694609867448, "TEST Accus": 0.07456995647184377, "TEST AUROC": 0.5502051983742258}
