{"_timestamp": 1595434455.9433775, "consistency loss": 0.0, "vat loss": 0.031108170747756958, "lr": 1.0775263664305828e-06, "_runtime": 3674.243432044983, "Epoch": 43, "entropy loss": 0.0, "loss": 1.054564356803894, "bnm loss": -0.7610561847686768, "consistency relation loss": 0.0, "_step": 129, "classification loss": 1.7845124006271362, "VAL AUROC": 0.8291183902737359, "VAL Accus": 0.544718014633981, "TEST Accus": 0.5790547871774245, "TEST Specs": 0.8139073848541567, "TEST Senss": 0.7418922613778846, "TEST AUROC": 0.8584337887185931}
