{"train vat loss": 0.0, "train bnm loss": 0.0, "train total loss": 1.9554970264434814, "_runtime": 17.675432443618774, "_step": 0, "_timestamp": 1595600230.2775328, "train cls loss": 1.9554970264434814}
