{"train total loss": 0.659227192401886, "_runtime": 14.791351079940796, "train cls loss": 0.659227192401886, "train vat loss": 0.0, "_timestamp": 1595211156.8762865, "_step": 0}
