{"vat_filter_num": 8, "_timestamp": 1596027865.3794456, "_runtime": 12.978250741958618, "_step": 0}
