{"train bnm loss": 0.0, "train cls loss": 0.6590284705162048, "train vat loss": 0.0, "train total loss": 0.6590284705162048, "_step": 0, "_runtime": 16.980837106704712, "_timestamp": 1595303040.8234332}
